PLAYER NAME,PLAYER POSITION,PROJECTED POINTS,TOTAL POINTS
Tyreek Hill,WR,20.5,44.5
Brandon Aiyuk,WR,10.6,32.9
Jakobi Meyers,WR,10.9,29.1
Tua Tagovailoa,QB,17.6,27.14
Aaron Jones,RB,15.5,26.7
Austin Ekeler,RB,17.9,26.4
Stefon Diggs,WR,16.0,26.2
Christian McCaffrey,RB,17.3,25.9
Tyler Allgeier,RB,8.8,24.4
Kendrick Bourne,WR,10.0,24.4
Mac Jones,QB,14.7,24.14
Calvin Ridley,WR,14.2,24.1
Justin Jefferson,WR,20.1,24.0
Michael Pittman Jr.,WR,12.0,23.7
Jordan Love,QB,14.8,23.0
Tony Pollard,RB,17.5,22.2
Puka Nacua,WR,8.4,21.9
Travis Etienne Jr.,RB,15.1,21.4
Anthony Richardson,QB,17.2,20.92
Justin Herbert,QB,16.9,20.86
Deshaun Watson,QB,18.5,20.66
Bijan Robinson,RB,17.8,20.3
Patrick Mahomes,QB,24.7,19.54
Chris Olave,WR,14.4,19.2
Amon-Ra St. Brown,WR,16.7,19.1
Rashid Shaheed,WR,6.0,19.0
Mike Evans,WR,13.8,18.6
Romeo Doubs,WR,9.9,18.6
Tutu Atwell,WR,9.3,17.9
Trevor Lawrence,QB,18.5,17.74
Zay Flowers,WR,9.9,17.7
DeVonta Smith,WR,14.0,17.7
Roschon Johnson,RB,2.2,17.5
Kyren Williams,RB,6.1,17.4
Brock Purdy,QB,13.8,16.8
Nick Chubb,RB,15.5,16.7
Hunter Henry,TE,6.5,16.6
Zay Jones,WR,8.7,16.5
Kirk Cousins,QB,17.4,16.46
Jordan Addison,WR,9.4,16.1
Baker Mayfield,QB,14.7,16.02
Breece Hall,RB,7.5,15.7
Darnell Mooney,WR,9.2,15.3
Russell Wilson,QB,18.6,15.18
Sam Howell,QB,16.6,15.18
Hayden Hurst,TE,6.8,15.1
Joshua Kelley,RB,5.9,15.1
Jimmy Garoppolo,QB,15.4,15.1
A.J. Brown,WR,14.6,14.9
Rhamondre Stevenson,RB,15.1,14.9
Derek Carr,QB,14.8,14.6
Justin Fields,QB,19.5,14.54
Matthew Stafford,QB,16.2,14.46
Garrett Wilson,WR,16.4,14.4
Keenan Allen,WR,14.1,14.2
Jared Goff,QB,15.8,14.02
Nico Collins,WR,10.1,14.0
Derrick Henry,RB,17.1,13.9
DK Metcalf,WR,15.6,13.7
Brian Robinson Jr.,RB,11.3,13.6
DeAndre Hopkins,WR,13.5,13.5
David Montgomery,RB,12.3,13.4
Alexander Mattison,RB,14.4,13.4
Courtland Sutton,WR,13.1,13.2
Raheem Mostert,RB,12.8,13.0
River Cracraft,WR,0.6,13.0
Justice Hill,RB,3.1,12.9
Davante Adams,WR,19.0,12.6
Jalen Hurts,QB,21.3,12.5
James Conner,RB,14.9,12.0
Josh Reynolds,WR,5.7,12.0
Jaylen Waddle,WR,15.3,11.8
Miles Sanders,RB,14.2,11.8
Samaje Perine,RB,11.5,11.8
CeeDee Lamb,WR,17.7,11.7
J.K. Dobbins,RB,12.7,11.7
Robert Woods,WR,7.4,11.7
Rashee Rice,WR,5.1,11.6
T.J. Hockenson,TE,12.5,11.5
Khalil Herbert,RB,11.4,11.4
Kenneth Gainwell,RB,8.9,11.4
Allen Robinson II,WR,5.8,11.4
Deebo Samuel,WR,14.2,11.3
Donald Parham Jr.,TE,3.3,11.2
Michael Thomas,WR,12.2,11.1
Curtis Samuel,WR,8.3,11.0
Kenneth Walker III,RB,14.5,10.7
C.J. Stroud,QB,12.9,10.68
KaVontae Turpin,WR,1.0,10.5
Joe Mixon,RB,14.8,10.3
James Cook,RB,12.3,10.3
Chris Godwin,WR,14.1,10.1
Evan Engram,TE,9.9,9.9
Nick Westbrook-Ikhine,WR,4.9,9.8
Javonte Williams,RB,11.1,9.7
Calvin Austin III,WR,1.2,9.7
Kenny Pickett,QB,14.4,9.68
Isiah Pacheco,RB,11.5,9.4
Cole Kmet,TE,8.5,9.4
Saquon Barkley,RB,16.9,9.3
Elijah Moore,WR,8.5,9.2
Blake Bell,TE,4.7,9.2
Ja'Marr Chase,WR,20.4,9.1
Josh Jacobs,RB,16.5,9.1
Lil'Jordan Humphrey,WR,1.6,9.1
Geno Smith,QB,19.2,9.08
Josh Allen,QB,21.1,9.04
Jahan Dotson,WR,11.2,9.0
Sam LaPorta,TE,7.4,8.9
Dalvin Cook,RB,12.0,8.9
Cam Akers,RB,13.5,8.9
Chuba Hubbard,RB,5.9,8.9
Desmond Ridder,QB,12.8,8.9
Trey Palmer,WR,2.7,8.8
Marquise Brown,WR,12.6,8.7
George Pickens,WR,10.8,8.6
Mike Williams,WR,12.8,8.5
Harrison Bryant,TE,2.2,8.5
Adam Trautman,TE,2.2,8.4
Logan Thomas,TE,7.1,8.3
Zach Wilson,QB,0.0,8.2
Zach Ertz,TE,6.2,8.1
Jahmyr Gibbs,RB,14.0,8.0
Luke Musgrave,TE,6.7,8.0
Demario Douglas,WR,6.9,8.0
Tyler Higbee,TE,11.8,7.9
Kylen Granson,TE,3.5,7.9
Diontae Johnson,WR,13.2,7.8
Bryce Young,QB,14.1,7.54
Rondale Moore,WR,8.9,7.5
Durham Smythe,TE,4.8,7.4
JuJu Smith-Schuster,WR,10.8,7.3
Ezekiel Elliott,RB,7.6,7.3
Pat Freiermuth,TE,9.5,7.3
Jamaal Williams,RB,14.5,7.2
Braxton Berrios,WR,5.0,7.2
Rachaad White,RB,13.9,6.9
Jaylen Warren,RB,6.7,6.8
Marquez Valdes-Scantling,WR,9.5,6.8
Amari Cooper,WR,13.6,6.7
Dameon Pierce,RB,13.6,6.7
Allen Lazard,WR,9.4,6.6
Jayden Reed,WR,9.5,6.6
Darren Waller,TE,12.1,6.6
Dalton Kincaid,TE,6.7,6.6
Juwan Johnson,TE,8.0,6.6
Mike Gesicki,TE,7.2,6.6
Lamar Jackson,QB,22.5,6.56
Rashod Bateman,WR,7.0,6.5
Justin Watson,WR,2.8,6.5
Kyle Pitts,TE,10.1,6.4
Tank Dell,WR,4.9,6.4
Van Jefferson,WR,10.8,6.4
Dak Prescott,QB,18.4,6.32
Josh Oliver,TE,1.8,6.2
K.J. Osborn,WR,7.9,6.1
Noah Gray,TE,7.0,6.1
Mack Hollins,WR,6.3,6.1
Josh Downs,WR,5.1,6.0
Xavier Gipson,WR,0.0,6.0
Odell Beckham Jr.,WR,10.8,5.7
AJ Dillon,RB,11.2,5.6
Dawson Knox,TE,6.9,5.5
Alec Ingold,RB,2.3,5.4
Najee Harris,RB,13.6,5.3
Tank Bigsby,RB,5.9,5.3
Gabe Davis,WR,10.1,5.2
Gus Edwards,RB,5.4,5.2
Terry McLaurin,WR,13.1,5.1
Brandon Johnson,WR,6.1,5.1
George Kittle,TE,10.5,4.9
Noah Brown,WR,5.4,4.9
Mike Boone,RB,1.5,4.8
Treylon Burks,WR,9.8,4.7
Irv Smith Jr.,TE,6.8,4.7
DJ Moore,WR,12.7,4.5
Darius Slayton,WR,6.9,4.5
Daniel Jones,QB,17.5,4.46
David Njoku,TE,10.0,4.4
D'Onta Foreman,RB,5.2,4.4
Sean Tucker,RB,4.4,4.4
Gerald Everett,TE,7.5,4.3
Terrace Marshall Jr.,WR,6.5,4.3
Trey McBride,TE,4.4,4.3
Jaxon Smith-Njigba,WR,9.1,4.3
Deonte Harty,WR,5.6,4.3
Brandin Cooks,WR,11.9,4.2
Greg Dulcich,TE,7.2,4.2
Laviska Shenault Jr.,WR,6.6,4.1
Michael Wilson,WR,5.4,3.9
Damien Harris,RB,5.8,3.9
Clyde Edwards-Helaire,RB,5.5,3.9
Cade Otton,TE,6.8,3.9
Connor Heyward,TE,1.8,3.9
Deon Jackson,RB,--,--
Tyjae Spears,RB,3.4,3.8
Michael Carter,RB,2.6,3.8
Samori Toure,WR,3.1,3.8
Jonathan Mingo,WR,9.3,3.7
Quez Watkins,WR,3.4,3.7
Will Dissly,TE,3.6,3.7
Brock Wright,TE,2.5,3.7
Lawrence Cager,TE,0.0,3.7
Ty Montgomery II,RB,1.4,3.6
Tyler Scott,WR,0.5,3.4
Adam Thielen,WR,9.6,3.2
Jake Funk,RB,--,--
Joe Burrow,QB,19.8,3.18
Jake Ferguson,TE,6.7,3.1
Gary Brightwell,RB,1.2,3.1
Anthony McFarland Jr.,RB,0.0,3.1
Brycen Hopkins,TE,2.5,3.1
Tyler Lockett,WR,13.0,3.0
Tyler Boyd,WR,8.1,3.0
Kalif Raymond,WR,5.3,3.0
Austin Hooper,TE,6.3,3.0
Deven Thompkins,WR,3.9,3.0
Drew Ogletree,TE,3.3,3.0
Quentin Johnston,WR,6.2,2.9
Marvin Mims Jr.,WR,8.7,2.9
DeeJay Dallas,RB,2.3,2.8
Ty Chandler,RB,6.5,2.8
Latavius Murray,RB,1.4,2.7
Cole Turner,TE,0.5,2.7
C.J. Ham,RB,1.2,2.7
Ryan Tannehill,QB,14.5,2.42
Rico Dowdle,RB,5.1,2.4
Dalton Schultz,TE,8.2,2.4
Donovan Peoples-Jones,WR,7.0,2.2
Patrick Taylor,RB,0.0,2.2
Jordan Akins,TE,1.1,2.2
Chris Evans,RB,3.2,2.1
Teagan Quitoriano,TE,3.5,2.1
Jerick McKinnon,RB,11.2,2.0
Michael Gallup,WR,9.4,2.0
Boston Scott,RB,1.6,2.0
Christian Kirk,WR,12.3,1.9
Xavier Hutchinson,WR,1.0,1.9
Colby Parkinson,TE,1.8,1.8
Evan Hull,RB,9.0,1.7
Erik Ezukanma,WR,3.0,1.7
Zamir White,RB,2.9,1.7
Jerome Ford,RB,5.5,1.6
Matt Breida,RB,2.7,1.6
Justyn Ross,WR,3.6,1.6
Richie James,WR,2.3,1.6
Devin Singletary,RB,7.5,1.5
Alec Pierce,WR,7.5,1.5
Derius Davis,WR,0.2,1.5
DeAndre Carter,WR,0.4,1.5
Isaiah Hodgins,WR,7.1,1.4
Joshua Palmer,WR,4.5,1.4
Isaiah Likely,TE,9.2,1.4
D'Andre Swift,RB,11.5,1.3
Michael Burton,RB,0.7,1.3
Tyler Conklin,TE,7.1,1.2
Parris Campbell,WR,7.2,1.2
Giovanni Ricci,TE,0.0,1.2
Zach Charbonnet,RB,7.6,1.1
Salvon Ahmed,RB,7.0,1.1
Daniel Bellinger,TE,2.2,1.1
Elijah Mitchell,RB,6.0,1.0
Kadarius Toney,WR,10.5,1.0
Joshua Dobbs,QB,12.2,0.98
Antonio Gibson,RB,10.7,0.9
Deuce Vaughn,RB,3.3,0.8
Marvin Jones Jr.,WR,8.3,0.8
Chase Edmonds,RB,4.0,0.8
Trayveon Williams,RB,3.8,0.7
Chris Rodriguez Jr.,RB,1.4,0.7
Tony Jones Jr.,RB,0.0,0.5
Skyy Moore,WR,11.7,0.4
Taysom Hill,TE,7.5,0.4
Jaleel McLaughlin,RB,3.9,0.3
Tyrod Taylor,QB,0.0,0.24
Travis Kelce,TE,0.0,--
Cooper Kupp,WR,0.0,--
Mark Andrews,TE,0.0,--
Alvin Kamara,RB,0.0,--
Jonathan Taylor,RB,0.0,--
Tee Higgins,WR,14.6,0.0
De'Von Achane,RB,0.0,--
Christian Watson,WR,0.0,--
Dallas Goedert,TE,9.9,0.0
Jerry Jeudy,WR,0.0,--
Drake London,WR,12.4,0.0
Zack Moss,RB,0.0,--
DJ Chark Jr.,WR,0.0,--
Jameson Williams,WR,0.0,--
Jeff Wilson Jr.,RB,0.0,--
Rashaad Penny,RB,0.0,--
Chigoziem Okonkwo,TE,8.0,0.0
Aaron Rodgers,QB,15.8,0.0
Kyler Murray,QB,0.0,--
Jonnu Smith,TE,3.4,0.0
Hunter Renfrow,WR,8.3,0.0
Chase Claypool,WR,7.8,0.0
Kendre Miller,RB,0.0,--
Wan'Dale Robinson,WR,0.0,--
DeVante Parker,WR,0.0,--
Keaton Mitchell,RB,0.0,--
Craig Reynolds,RB,1.2,0.0
Cordarrelle Patterson,RB,0.0,--
Ronnie Rivers,RB,1.9,0.0
Jalin Hyatt,WR,2.6,0.0
Noah Fant,TE,6.7,0.0
Ameer Abdullah,RB,3.3,0.0
Jelani Woods,TE,0.0,--
Michael Mayer,TE,4.3,0.0
Mecole Hardman Jr.,WR,6.6,0.0
John Metchie III,WR,0.0,--
Tyquan Thornton,WR,0.0,--
Pierre Strong Jr.,RB,1.4,0.0
Elijah Dotson,RB,1.2,0.0
Chase Brown,RB,0.0,--
Darnell Washington,TE,1.1,0.0
Randall Cobb,WR,4.1,0.0
Tom Brady,QB,0.0,--
Nelson Agholor,WR,1.5,0.0
Jameis Winston,QB,0.0,--
Gardner Minshew,QB,0.0,0.0
Aidan O'Connell,QB,0.0,--
Jordan Mason,RB,0.6,0.0
Raheem Blackshear,RB,3.1,0.0
Mitch Trubisky,QB,0.0,--
Jauan Jennings,WR,3.6,0.0
Emari Demercado,RB,1.6,0.0
Ronald Jones,RB,--,--
Isaiah Spiller,RB,0.0,--
Trey Lance,QB,0.0,--
Trenton Irwin,WR,1.8,0.0
Ronnie Bell,WR,0.6,0.0
Luke Schoonmaker,TE,2.4,0.0
Andy Dalton,QB,0.0,--
Jimmy Graham,TE,1.5,0.0
Will Levis,QB,0.0,--
Dontayvion Wicks,WR,4.8,0.0
Sterling Shepard,WR,5.5,0.0
Cedric Tillman,WR,2.7,0.0
Kyle Juszczyk,RB,1.6,0.0
Emanuel Wilson,RB,0.0,--
Taylor Heinicke,QB,0.0,--
Dorian Thompson-Robinson,QB,0.0,--
Kyle Trask,QB,0.0,--
Ke'Shawn Vaughn,RB,0.0,--
Zach Evans,RB,0.0,--
Devin Duvernay,WR,1.2,0.0
Kene Nwangwu,RB,0.0,--
Dare Ogunbowale,RB,0.0,--
Marcus Mariota,QB,0.0,--
Khalil Shakir,WR,1.8,0.0
Hendon Hooker,QB,0.0,--
Mike White,QB,0.0,--
Stetson Bennett,QB,0.0,--
Olamide Zaccheaus,WR,0.9,0.0
Jalen Tolbert,WR,1.2,0.0
Myles Gaskin,RB,--,--
Jacoby Brissett,QB,0.0,--
Kayshon Boutte,WR,4.0,0.0
Eric Gray,RB,0.0,0.0
Russell Gage,WR,0.0,--
Jake Bobo,WR,0.0,0.0
Tucker Kraft,TE,3.3,0.0
Israel Abanikanda,RB,0.5,--
Trey Sermon,RB,0.0,--
C.J. Uzomah,TE,2.9,0.0
Ben Roethlisberger,QB,0.0,--
Corey Davis,WR,0.0,--
Trent Sherfield,WR,2.8,0.0
Julius Chestnut,RB,2.0,0.0
Nyheim Hines,RB,0.0,--
Foster Moreau,TE,2.4,0.0
Tyler Huntley,QB,0.0,--
Ray-Ray McCloud III,WR,0.0,0.0
Cedrick Wilson Jr.,WR,0.0,--
Bailey Zappe,QB,0.0,--
Robert Tonyan,TE,1.0,0.0
Equanimeous St. Brown,WR,0.0,--
Hassan Haskins,RB,0.0,--
Charlie Jones,WR,0.7,0.0
Tim Patrick,WR,0.0,--
Brian Hoyer,QB,0.0,0.0
Isaiah McKenzie,WR,3.0,0.0
Malik Willis,QB,0.0,--
JaMycal Hasty,RB,0.0,--
Kenny McIntosh,RB,0.0,--
Teddy Bridgewater,QB,0.0,--
Kyle Allen,QB,0.0,--
Ben Skowronek,WR,5.1,0.0
Clayton Tune,QB,0.0,--
Drew Lock,QB,0.0,--
Cooper Rush,QB,0.0,0.0
Sean Clifford,QB,0.0,0.0
Andrei Iosivas,WR,0.0,0.0
Mo Alie-Cox,TE,3.6,0.0
Tyrion Davis-Price,RB,0.0,0.0
Albert Okwuegbunam,TE,0.0,--
Peyton Hendershot,TE,1.2,0.0
Kyle Philips,WR,0.0,--
Chris Moore,WR,2.5,0.0
Jack Stoll,TE,0.5,0.0
Brandon Bolden,RB,0.9,0.0
Dyami Brown,WR,1.0,0.0
Jarrett Stidham,QB,0.0,--
Tyson Bagent,QB,0.0,--
Marquise Goodwin,WR,1.1,0.0
David Bell,WR,0.5,0.0
Hunter Luepke,RB,0.0,0.0
A.T. Perry,WR,0.0,--
Greg Dortch,WR,1.8,0.0
Brandon Powell,WR,1.5,0.0
Travis Homer,RB,0.2,0.0
Drew Sample,TE,1.2,0.0
Brenton Strange,TE,1.8,0.0
Blaine Gabbert,QB,0.0,--
Tre Tucker,WR,0.0,--
Velus Jones Jr.,WR,0.0,--
Gunner Olszewski,WR,0.0,--
Josiah Deguara,TE,1.6,0.0
Demarcus Robinson,WR,3.6,0.0
Justin Shorter,WR,0.0,--
John Bates,TE,1.5,0.0
Pharaoh Brown,TE,0.5,0.0
Tyler Kroft,TE,1.9,0.0
Jeremy Ruckert,TE,0.6,0.0
Cam Newton,QB,0.0,--
Davis Mills,QB,0.0,--
Jason Brownlee,WR,1.1,--
Antoine Green,WR,1.2,--
Malik Heath,WR,3.2,0.0
Patrick Ricard,RB,2.0,0.0
Ross Dwelley,TE,1.0,0.0
Reggie Gilliam,RB,0.5,0.0
Britain Covey,WR,0.1,0.0
Le'Veon Bell,RB,0.0,--
Tre' McKitty,TE,1.2,0.0
Chris Brooks,RB,2.0,0.0
Nick Mullens,QB,0.0,--
Easton Stick,QB,0.0,--
Tommy Tremble,TE,1.7,0.0
Dee Eskridge,WR,0.0,--
Miles Boykin,WR,0.0,0.0
Scott Miller,WR,0.8,0.0
Parker Washington,WR,0.0,--
Byron Pringle,WR,0.0,0.0
James Mitchell,TE,0.6,0.0
Zach Pascal,WR,2.4,0.0
Dareke Young,WR,0.0,--
Mitchell Wilcox,TE,0.6,0.0
Quintin Morris,TE,0.6,0.0
Ian Thomas,TE,2.5,0.0
Ko Kieft,TE,2.8,0.0
C.J. Beathard,QB,0.0,--
Danny Gray,WR,0.0,--
Jalen Nailor,WR,0.0,0.0
Jason Cabinda,RB,0.6,0.0
Jalen Brooks,WR,0.0,--
Tre'Quan Smith,WR,--,--
Jalen Guyton,WR,0.0,--
Hunter Long,TE,0.0,--
Jalen Reagor,WR,0.0,--
Matthew Slater,WR,0.0,0.0
KhaDarel Hodge,WR,2.1,0.0
Brevin Jordan,TE,0.5,0.0
Tanner McKee,QB,0.0,--
Jakob Johnson,RB,0.5,0.0
Johnny Mundt,TE,0.6,0.0
Trent Taylor,WR,0.6,0.0
Skylar Thompson,QB,0.0,--
Julian Hill,TE,0.6,--
Charlie Kolar,TE,4.3,0.0
Tim Jones,WR,0.5,0.0
Ryan Fitzpatrick,QB,0.0,--
Chris Manhertz,TE,1.1,0.0
Keith Smith,RB,0.5,0.0
Grant Calcaterra,TE,0.0,0.0
Jamison Crowder,WR,0.0,0.0
Andrew Beck,RB,1.0,0.0
Mason Rudolph,QB,0.0,--
Kristian Wilkerson,WR,0.3,0.0
Charlie Woerner,TE,0.0,0.0
Nathan Peterman,QB,--,--
Marcedes Lewis,TE,0.5,0.0
Luke Farrell,TE,0.0,0.0
Cameron Latu,TE,0.0,--
Ihmir Smith-Marsette,WR,1.6,0.0
Justin Jackson,RB,0.0,--
Josh Whyle,TE,1.0,0.0
Jaren Hall,QB,0.0,--
Trevon Wesco,TE,2.6,0.0
Rakim Jarrett,WR,1.6,0.0
Keith Kirkwood,WR,1.0,0.0
Phillip Dorsett,WR,3.6,0.0
Tylan Wallace,WR,0.0,0.0
Cody Thompson,WR,--,--
James White,RB,0.0,--
Armani Rogers,TE,0.0,--
Elijah Higgins,TE,0.0,--
Eno Benjamin,RB,0.0,--
Adam Prentice,RB,0.7,0.0
Davis Allen,TE,1.9,0.0
Khari Blasingame,RB,0.0,0.0
Sony Michel,RB,0.0,--
Will Mallory,TE,0.0,--
Nick Bellore,RB,0.0,0.0
Dax Milne,WR,0.0,--
Josh Ali,WR,0.0,--
Brandon Allen,QB,0.0,--
John Ross,WR,0.0,--
John FitzPatrick,TE,0.0,--
Jody Fortson,TE,0.0,--
Ty Johnson,RB,0.0,--
Chad Henne,QB,0.0,--
Stanley Berryhill,WR,--,--
MyCole Pruitt,TE,0.0,0.0
Jake Haener,QB,0.0,--
Nick Bawden,RB,0.0,0.0
Sam Ehlinger,QB,0.0,--
Marlon Mack,RB,0.0,--
Josh Johnson,QB,0.0,--
Colton Dowell,WR,0.0,--
Tre Nixon,WR,0.0,--
Zander Horvath,RB,--,--
Nate Adkins,TE,0.0,--
Elijah Cooks,WR,0.0,--
Mitchell Tinsley,WR,0.0,--
Case Keenum,QB,0.0,--
Anthony Schwartz,WR,--,--
Ashton Dulin,WR,0.0,--
Brayden Willis,TE,0.0,--
Geoff Swaim,TE,1.0,0.0
Penny Hart,WR,--,--
Kearis Jackson,WR,0.5,0.0
Payne Durham,TE,0.0,--
Jakeem Grant Sr.,WR,0.0,--
Godwin Igwebuike,RB,1.1,0.0
Brett Rypien,QB,0.0,--
Kirk Merritt,RB,--,--
Stone Smartt,TE,0.0,0.0
Jesper Horsted,TE,0.6,0.0
Joe Reed,WR,0.0,--
Avery Williams,RB,0.0,--
Jalen Virgil,WR,0.0,--
Blake Jarwin,TE,0.0,--
Nick Muse,TE,0.0,--
Jared Bernhardt,WR,0.0,--
Nate Sudfeld,QB,0.0,--
Matt Bushman,TE,0.0,0.0
Carlos Hyde,RB,0.0,--
Tyler Davis,TE,0.0,--
Logan Woodside,QB,0.0,--
Michael Woods II,WR,0.0,--
Qadree Ollison,RB,0.0,--
Sutton Smith,RB,0.0,--
David Wells,TE,0.6,0.0
Devin Smith,WR,0.0,--
Irvin Charles,WR,0.0,--
Ben Sims,TE,0.0,0.0
Shane Zylstra,TE,0.0,--
Taiwan Jones,RB,--,--
Austin Walter,RB,0.0,--
Kenny Yeboah,TE,0.0,--
Feleipe Franks,TE,0.0,--
Brittain Brown,RB,0.0,--
Tom Kennedy,WR,0.0,--
Zach Davidson,TE,0.0,--
Antonio Gandy-Golden,TE,0.0,--
Parker Hesse,TE,0.0,0.0
Tommy Sweeney,TE,0.0,--
Troy Hairston,RB,0.0,--
Jack Doyle,TE,0.0,--
Seth Williams,WR,0.0,--
Cethan Carter,TE,0.0,--
Stephen Sullivan,TE,0.0,--
Ben Ellefson,TE,0.0,--
Chris Hogan,WR,0.0,--
Juwann Winfree,WR,0.0,0.0
Curtis Hodges,TE,0.0,--
Kaden Smith,TE,0.0,--
Brandon Dillon,TE,0.0,--
Sammis Reyes,TE,0.0,--
Chris Myarick,TE,0.0,--
Diontae Spencer,WR,0.0,--
Malcolm Perry,WR,0.0,--
Jake Browning,QB,0.0,-0.1
Jamal Agnew,WR,3.0,-0.2
Sam Darnold,QB,0.0,-0.2
Keaontay Ingram,RB,3.7,-0.4
D'Ernest Johnson,RB,1.1,-0.4
Kareem Hunt,RB,0.0,--
Leonard Fournette,RB,--,--
Melvin Gordon III,RB,0.0,--
Zonovan Knight,RB,0.0,--
Kenyan Drake,RB,0.0,--
Malik Davis,RB,--,--
Antonio Brown,WR,--,--
Rob Gronkowski,TE,--,--
Robbie Chosen,WR,0.0,--
Kevin Harris,RB,--,--
James Robinson,RB,--,--
Corey Clement,RB,0.0,--
Adrian Peterson,RB,--,--
Darrynton Evans,RB,0.0,--
Julio Jones,WR,--,--
Trevor Siemian,QB,--,--
Jermar Jefferson,RB,--,--
DeWayne McBride,RB,--,--
Malik Cunningham,QB,--,--
Trace McSorley,QB,--,--
Colt McCoy,QB,--,--
Zack Kuntz,TE,--,--
Max Duggan,QB,--,--
Deneric Prince,RB,--,--
Matt Corral,QB,--,--
John Kelly Jr.,RB,--,--
Binjimen Victor,WR,--,--
Carson Wentz,QB,--,--
Mohamed Ibrahim,RB,--,--
Joseph Ngata,WR,--,--
Chase Cota,WR,--,--
Austin Watkins Jr.,WR,--,--
Jarvis Landry,WR,--,--
Bryce Perkins,QB,--,--
Roger Carter Jr.,TE,--,--
Josh Gordon,WR,--,--
D'vonte Price,RB,--,--
Derek Watt,RB,--,--
David Moore,WR,--,--
Tanner Hudson,TE,0.0,--
Joe Flacco,QB,--,--
Matt Barkley,QB,--,--
A.J. Green,WR,--,--
Cole Beasley,WR,--,--
Ben DiNucci,QB,--,--
Grant DuBose,WR,--,--
J.J. Taylor,RB,--,--
Mark Ingram II,RB,--,--
Rex Burkhead,RB,--,--
Laquon Treadwell,WR,0.0,--
Matt Ryan,QB,--,--
Anthony Brown,QB,--,--
Amari Rodgers,WR,0.0,--
Mike Glennon,QB,--,--
Dan Arnold,TE,--,--
Jonathan Williams,RB,--,--
Devon Allen,WR,0.0,--
Darrell Henderson Jr.,RB,--,--
Caleb Huntley,RB,--,--
Snoop Conner,RB,--,--
Nick Foles,QB,--,--
Kenny Golladay,WR,--,--
Marquez Callaway,WR,--,--
Montrell Washington,WR,0.0,--
Adam Humphries,WR,--,--
Chase Allen,TE,--,--
La'Mical Perine,RB,--,--
Spencer Brown,RB,--,--
KJ Hamler,WR,--,--
Tim Boyle,QB,0.0,--
Carson Strong,QB,--,--
PJ Walker,QB,0.0,--
Denzel Mims,WR,--,--
Eric Saubert,TE,--,--
T.Y. Hilton,WR,--,--
Devonta Freeman,RB,--,--
Paul Quessenberry,TE,--,--
Simi Fehoko,WR,0.0,--
David Johnson,RB,--,--
Tyler Badie,RB,--,--
Scotty Washington,TE,--,--
Kurt Benkert,QB,--,--
Damien Williams,RB,--,--
Maurice Alexander,WR,--,--
Wendell Smallwood,RB,--,--
Johnny Johnson III,WR,--,--
Lew Nichols,RB,--,--
Jared Cook,TE,--,--
Sammy Watkins,WR,--,--
Chris Conley,WR,0.0,--
Dante Pettis,WR,--,--
Mataeo Durant,RB,--,--
Chris Carson,RB,--,--
Dwayne Washington,RB,0.0,--
J.D. McKissic,RB,--,--
Jalen Wydermyer,TE,--,--
N'Keal Harry,WR,0.0,--
Ian Book,QB,--,--
DeSean Jackson,WR,--,--
Braylon Sanders,WR,--,--
Will Grier,QB,0.0,--
Josh Adams,RB,--,--
Royce Freeman,RB,0.0,--
Kwamie Lassiter II,WR,0.0,--
Andy Isabella,WR,--,--
Shi Smith,WR,--,--
Dez Fitzpatrick,WR,--,--
O.J. Howard,TE,--,--
Willie Snead IV,WR,0.0,--
Ethan Fernea,WR,--,--
Shane Buechele,QB,--,--
Kyle Rudolph,TE,--,--
Chris Oladokun,QB,--,--
Ethan Wolf,TE,--,--
Josh Rosen,QB,--,--
Jake Fromm,QB,--,--
Lucas Krull,TE,--,--
Benny Snell Jr.,RB,--,--
Greg Ward,WR,--,--
J.J. Arcega-Whiteside,WR,--,--
Danny Amendola,WR,--,--
Hakeem Butler,WR,--,--
Larry Rountree III,RB,--,--
Zach Gentry,TE,--,--
Quintez Cephus,WR,--,--
Darrel Williams,RB,--,--
Rashard Higgins,WR,--,--
Jake Tonges,TE,--,--
Kellen Mond,QB,--,--
Nakia Griffin-Stewart,TE,--,--
Daylen Baldwin,WR,--,--
Matt Sokol,TE,--,--
Lynn Bowden Jr.,WR,0.0,--
D.J. Montgomery,WR,--,--
Steven Sims,WR,--,--
Cade Johnson,WR,--,--
Abram Smith,RB,--,--
Phillip Lindsay,RB,--,--
Alex Erickson,WR,--,--
Derrick Gore,RB,0.0,--
Kalen Ballage,RB,--,--
Tyler Mabry,TE,--,--
Ty'Son Williams,RB,--,--
Racey McMath,WR,--,--
Isaiah Zuber,WR,--,--
Anthony Gordon,QB,--,--
Isaiah Ford,WR,--,--
Tavon Austin,WR,--,--
James Washington,WR,--,--
Patrick Laird,RB,--,--
Marquez Stevenson,WR,--,--
Reid Sinnett,QB,--,--
Giovani Bernard,RB,--,--
T.J. Vasher,WR,--,--
Kendall Hinton,WR,--,--
Jeremy Sprinkle,TE,--,--
Devin Asiasi,TE,--,--
Bryan Edwards,WR,--,--
KeeSean Johnson,WR,--,--
David Blough,QB,--,--
Dontrell Hilliard,RB,--,--
Breshad Perriman,WR,--,--
Tyree Jackson,TE,--,--
Tarik Black,WR,--,--
Tevin Coleman,RB,--,--
Mike Thomas,WR,--,--
Demetric Felton Jr.,RB,--,--
Marcus Kemp,WR,--,--
James O'Shaughnessy,TE,--,--
Ryan Griffin,TE,--,--
William Fuller V,WR,--,--
Duke Johnson,RB,--,--
Tay Martin,WR,--,--
Chase Daniel,QB,--,--
Tanner Conner,TE,--,--
Malcolm Brown,RB,--,--
Ryan Griffin,QB,--,--
Thaddeus Moss,TE,--,--
Nikola Kalinic,TE,--,--
Dennis Houston,WR,--,--
Trishton Jackson,WR,0.0,--
Cole McDonald,QB,--,--
Mike Davis,RB,--,--
Emmanuel Sanders,WR,--,--
Jeff Driskel,QB,--,--
Andy Janovich,RB,--,--
Pharoh Cooper,WR,--,--
Lance McCutcheon,WR,--,--
Chester Rogers,WR,--,--
Devine Ozigbo,RB,--,--
Jaret Patterson,RB,--,--
Trey Edmunds,RB,--,--
Dillon Stoner,WR,--,--
Trestan Ebner,RB,--,--
James Proche II,WR,--,--
Javon Wims,WR,--,--
Alex Armah,RB,0.0,--
Kyric McGowan,WR,--,--
Ricky Seals-Jones,TE,--,--
Damarea Crockett,RB,--,--
Jason Huntley,RB,--,--
Brian Hill,RB,--,--
Tyler Johnson,WR,--,--
Chris Streveler,QB,--,--
Jake Luton,QB,0.0,--
Brady Russell,TE,--,--
Tyrie Cleveland,WR,--,--
Kevin Hogan,QB,--,--
Garrett Gilbert,QB,--,--
Austin Trammell,WR,0.0,--
Cullen Gillaspia,RB,--,--
Malik Turner,WR,--,--
Freddie Swain,WR,--,--
Kenjon Barner,RB,--,--
Nick Bowers,TE,--,--
Bo Melton,WR,--,--
Mason Kinsey,WR,--,--
Jalen Richard,RB,--,--
Daurice Fountain,WR,--,--
Tony Poljan,TE,--,--
Nick Ralston,RB,--,--
Vyncint Smith,WR,--,--
Nate McCrary,RB,--,--
Sean Mannion,QB,--,--
Ross Travis,TE,--,--
Ryquell Armstead,RB,--,--
Devontae Booker,RB,--,--
Jacques Patrick,RB,--,--
DJ Turner,WR,--,--
Nate Stanley,QB,--,--
Jacob Eason,QB,--,--
Josh Johnson,RB,--,--
Jaydon Mickens,WR,--,--
Trinity Benson,WR,--,--
Hunter Kampmoyer,TE,--,--
Davis Webb,QB,--,--
Danny Etling,QB,--,--
John Wolford,QB,--,--
JaQuan Hardy,RB,--,--
Keelan Cole Sr.,WR,--,--
Elijhaa Penny,RB,--,--
Peyton Barber,RB,--,--
Elijah Holyfield,RB,--,--
Cam Sims,WR,--,--
Jaylen Samuels,RB,--,--
Wayne Gallman,RB,--,--
Sean McKeon,TE,0.0,--
Jeremy McNichols,RB,--,--
Cameron Brate,TE,--,--
Gabe Nabers,RB,--,--
Frank Darby,WR,--,--
Kylin Hill,RB,--,--
Damiere Byrd,WR,--,--
James Morgan,QB,--,--
Maurice Ffrench,WR,--,--
Jordan Wilkins,RB,--,--
J.P. Holtz,RB,--,--
Ito Smith,RB,--,--
Lee Smith,TE,--,--
Cameron Batson,WR,--,--
John Lovett,RB,--,--
Darwin Thompson,RB,--,--
Cornell Powell,WR,--,--
Buddy Howell,RB,--,--
Rodney Adams,WR,--,--
Kevin Rader,TE,0.0,--
Javian Hawkins,RB,--,--
Kerryon Johnson,RB,--,--
Johnny Stanton IV,RB,--,--
KJ Hill Jr.,WR,--,--
Ben Mason,RB,--,--
Darrell Daniels,TE,0.0,--
Michael Warren II,RB,--,--
Tajae Sharpe,WR,--,--
Marcus Johnson,WR,--,--
Auden Tate,WR,--,--
Stanley Morgan,WR,--,--
Maxx Williams,TE,--,--
Mason Schreck,TE,--,--
Eric Ebron,TE,--,--
Ian Bunting,TE,--,--
Jake Kumerow,WR,--,--
Daniel Brown,TE,--,--
Richard Rodgers,TE,--,--
Brandon Zylstra,WR,--,--
Anthony Firkser,TE,--,--
Jordan Veasy,WR,--,--
Andre Baccellia,WR,--,--
Keke Coutee,WR,--,--
Preston Williams,WR,--,--
Jake Bargas,RB,--,--
Collin Johnson,WR,--,--
David Sills V,WR,--,--
Tommylee Lewis,WR,--,--
Malik Taylor,WR,--,--
Anthony Miller,WR,--,--
Temarrick Hemingway,TE,--,--
Mike Strachan,WR,--,--
Farrod Green,TE,--,--
Xavier Jones,RB,--,--
Jonathan Ward,RB,--,--
Jordan Howard,RB,--,--
Eric Tomlinson,TE,--,--
Dazz Newsome,WR,--,--
Nick Vannett,TE,--,--
Sewo Olonilua,RB,--,--
Trey Ragas,RB,--,--
Tyron Johnson,WR,--,--
Kendall Blanton,TE,--,--
Jeff Cotton,WR,--,--
John Hightower,WR,--,--
Jacob Harris,WR,0.0,--
John Brown,WR,--,--
Jesse James,TE,--,--
Dominique Dafney,TE,--,--
Sage Surratt,TE,--,--
LeVante Bellamy,RB,--,--
Jacob Hollister,TE,--,--
Ryan Izzo,TE,--,--
Deon Yelder,TE,--,--
Antonio Williams,RB,--,--
Raleigh Webb,WR,--,--
Keelan Doss,WR,0.0,--
Nick Boyle,TE,--,--
Tory Carter,RB,--,--
Tommy Hudson,TE,--,--
Trenton Cannon,RB,--,--
Landen Akers,WR,--,--
Adrian Killins,RB,--,--
JoJo Natson,WR,--,--
Mohamed Sanu,WR,--,--
Kevin White,WR,--,--
Derek Carrier,TE,--,--
Reggie Bonnafon,RB,--,--
Isaiah Wright,WR,--,--
Antonio Callaway,WR,--,--
Dezmon Patmon,WR,--,--
C.J. Saunders,WR,--,--
Easop Winston Jr.,WR,--,--
Noah Togiai,TE,--,--
Gerrid Doaks,RB,--,--
Tanner Gentry,WR,--,--
Bisi Johnson,WR,--,--
Cody White,WR,--,--
Tony Brown,WR,--,--
Dalton Keene,TE,--,--
Artavis Pierce,RB,--,--
Kendric Pryor,WR,--,--
Jason Moore,WR,--,--
Garrett Griffin,TE,--,--
Dede Westbrook,WR,--,--
Tyrell Williams,WR,--,--
Isaiah Coulter,WR,--,--
Jalen Camp,WR,--,--
Darius Bradwell,RB,--,--
Ryan Nall,RB,--,--
Aaron Fuller,WR,--,--
Jeff Smith,WR,--,--
Jaelon Darden,WR,--,--
Demetrius Harris,TE,--,--
Stephen Anderson,TE,--,--
Nsimba Webster,WR,--,--
Tommy Stevens,TE,--,--
Scottie Phillips,RB,--,--
Jordan Scarlett,RB,--,--
J.J. Koski,WR,--,--
Dan Chisena,WR,--,--
Josh Hammond,WR,--,--
Brandon Smith,WR,--,--
Kaylon Geiger,WR,--,--
Jordan Franks,TE,--,--
Raymond Calais,RB,--,--
Rodney Smith,RB,--,--
Mekhi Sargent,RB,--,--
Darius Anderson,RB,--,--
Chris Herndon,TE,--,--
Kenny Stills,WR,--,--
Jared Pinkney,TE,--,--
Miller Forristall,TE,--,--
Travis Benjamin,WR,--,--
Matt LaCosse,TE,--,--
Marvin Hall,WR,--,--
Kawaan Baker,WR,--,--
Kahale Warring,TE,--,--
Javon Leake,RB,--,--
Luke Stocker,TE,--,--
Codey McElroy,TE,--,--
Colin Thompson,TE,--,--
Darren Fells,TE,--,--
Antony Auclair,TE,--,--
Travis Fulgham,WR,--,--
Jeff Thomas,WR,--,--
Ja'Marcus Bradley,WR,--,--
Michael Bandy,WR,--,--
Adam Shaheen,TE,--,--
Nathan Cottrell,RB,--,--
Antoine Wesley,WR,--,--
Andre Roberts,WR,--,--
Hunter Bryant,TE,--,--
Daniel Helm,TE,--,--
Geronimo Allison,WR,--,--
C.J. Board,WR,--,--
Albert Wilson,WR,--,--
Myron Mitchell,WR,--,--
Cyril Grayson Jr.,WR,--,--
Omar Bayless,WR,--,--
Alex Bachman,WR,--,--
DeMichael Harris,WR,--,--
Matt Cole,WR,--,--
Davion Davis,WR,--,--
Will Hastings,WR,--,--
Cody Hollister,WR,--,--
Reggie Begelton,WR,--,--
Chris Rowland,WR,--,--
Austin Mack,WR,--,--
Christian Blake,WR,--,--